{
  "description": {
    "title": "",
    "text": "Almofadas, quadros, tapetes. Tudo para seu cantinho ficar mais lindo e aconchegante!"
  },
  "links_1": {
    "list_pages": true,
    "title": "Ajuda & Suporte",
    "list": []
  },
  "links_2": {
    "list_categories": false,
    "title": "Institucional",
    "list": [
      {
        "text": "Quem Somos",
        "url": "/"
      },
      {
        "text": "Contato",
        "url": "/"
      }
    ]
  },
  "contacts": {
    "title": "Atendimento",
    "phone_wpp": true,
    "socials": true,
    "email": true,
    "address": true
  },
  "stamps": [
    {
      "src": "/img/uploads/stamp_encryptssl.png",
      "alt": "Selo de Segurança"
    }
  ],
  "payment_methods": {
    "bb": false,
    "visa": true,
    "boleto": true,
    "aura": false,
    "banrisul": false,
    "elo": true,
    "hipercard": false,
    "hsbc": false,
    "bradesco": false,
    "santander": false,
    "mastercard": true,
    "citibank": false,
    "mais": false,
    "itau": false
  },
  "credits": "Mobbeli Home - 38.249.677/0001-30 © Todos os direitos reservados. 2020"
}