{
  "meta_title": "",
  "meta_description": "",
  "sections": [
    {
      "type": "banner-slider",
      "autoplay": 9000,
      "slides": [
        {
          "start": "2021-11-26T17:15:21.979Z",
          "end": "",
          "img": "/img/uploads/banner-27-.png",
          "link": "https://www.mobbelihome.com/torra-torra"
        },
        {
          "start": "2022-05-23T14:29:21.324Z",
          "end": "2023-01-31T14:29:21.393Z",
          "img": "/img/uploads/seja-bem-vindo-a-em-nossa-casinha-virtual.png"
        },
        {
          "start": "2022-11-25T13:18:32.503Z",
          "end": "2023-01-31T13:19:02.258Z",
          "img": "/img/uploads/banner-mobbeli-4-.png",
          "link": "https://www.mobbelihome.com/cama"
        }
      ],
      "full_width": true
    },
    {
      "type": "banners-grid",
      "banners": [
        {
          "img": "/img/uploads/TARJA.png"
        }
      ]
    },
    {
      "type": "banners-grid",
      "banners": [
        {
          "img": "/img/uploads/MINI-BANNER-1.jpg",
          "alt": "Informações da Mobbeli Home",
          "link": "",
          "mobile_img": ""
        },
        {
          "img": "/img/uploads/MINI-BANNER-2.jpg",
          "alt": "Informações da Mobbeli Home",
          "link": "",
          "mobile_img": ""
        },
        {
          "img": "/img/uploads/MINI-BANNER-3.jpg",
          "alt": "Informações da Mobbeli Home",
          "link": "",
          "mobile_img": ""
        },
        {
          "img": "/img/uploads/TAPETES.jpg",
          "alt": "Informações da Mobbeli Home",
          "link": "",
          "mobile_img": ""
        }
      ]
    },
    {
      "type": "collection-shelf",
      "shuffle": true,
      "collection_id": null,
      "page": 2,
      "limit": 15,
      "sort": "sales"
    },
    {
      "type": "page-title",
      "title": "Enxoval e decoração infantil",
      "description": ""
    }
  ]
}